Datetime,Ticker,Open,High,Low,Close,Volume
2020-12-08 09:30:00-05:00,NFLX,520.6812744140625,521.1699829101562,517.1300048828125,520.6812744140625,490908
2020-12-08 09:31:00-05:00,NFLX,520.39501953125,521.4909057617188,517.5700073242188,517.5700073242188,52742
2020-12-08 09:32:00-05:00,NFLX,517.5900268554688,518.3250122070312,515.3300170898438,515.6895751953125,43179
2020-12-08 09:33:00-05:00,NFLX,515.8800048828125,516.8499755859375,515.1400146484375,516.0900268554688,25063
2020-12-08 09:34:00-05:00,NFLX,516.7033081054688,516.7033081054688,514.77001953125,514.819091796875,24312
2020-12-08 09:35:00-05:00,NFLX,514.7750244140625,515.9000244140625,514.530029296875,515.6799926757812,18100
2020-12-08 09:36:00-05:00,NFLX,515.0800170898438,515.0800170898438,513.3391723632812,513.844970703125,25344
2020-12-08 09:37:00-05:00,NFLX,513.844970703125,514.0399780273438,512.7000122070312,513.9299926757812,29143
2020-12-08 09:38:00-05:00,NFLX,513.5,513.5,512.8900146484375,512.9000244140625,16552
2020-12-08 09:39:00-05:00,NFLX,512.8099975585938,513.4299926757812,512.22998046875,513.389892578125,16745
2020-12-08 09:40:00-05:00,NFLX,512.4799194335938,512.6099853515625,512.0599975585938,512.228271484375,22919
2020-12-08 09:41:00-05:00,NFLX,511.9700012207031,513.1599731445312,511.2699890136719,513.0599975585938,25211
2020-12-08 09:42:00-05:00,NFLX,512.0,512.4663696289062,511.3599853515625,512.1400146484375,15757
2020-12-08 09:43:00-05:00,NFLX,512.3099975585938,512.4600219726562,511.4800109863281,512.222900390625,9525
2020-12-08 09:44:00-05:00,NFLX,512.5,512.9600219726562,512.5,512.8214721679688,11756
2020-12-08 09:45:00-05:00,NFLX,512.6199951171875,513.2100219726562,511.6000061035156,511.80499267578125,25476
2020-12-08 09:46:00-05:00,NFLX,510.0,510.56988525390625,509.94281005859375,510.14349365234375,32929
2020-12-08 09:47:00-05:00,NFLX,510.25,511.3851013183594,510.125,511.0874938964844,14530
2020-12-08 09:48:00-05:00,NFLX,510.5199890136719,510.75,510.489990234375,510.7430114746094,11946
2020-12-08 09:49:00-05:00,NFLX,510.5,511.2349853515625,510.1000061035156,511.2349853515625,7236
2020-12-08 09:50:00-05:00,NFLX,511.2695007324219,511.2695007324219,510.20001220703125,510.760009765625,10608
2020-12-08 09:51:00-05:00,NFLX,510.5150146484375,511.2419128417969,510.32000732421875,511.239990234375,5711
2020-12-08 09:52:00-05:00,NFLX,511.1400146484375,511.30999755859375,510.55999755859375,510.7200012207031,9676
2020-12-08 09:53:00-05:00,NFLX,510.7099914550781,510.9849853515625,510.5899963378906,510.6199951171875,4408
2020-12-08 09:54:00-05:00,NFLX,511.2699890136719,511.2699890136719,510.70001220703125,510.7449951171875,8536
2020-12-08 09:55:00-05:00,NFLX,510.82000732421875,511.4800109863281,510.69000244140625,511.07000732421875,9401
2020-12-08 09:56:00-05:00,NFLX,510.67999267578125,510.67999267578125,510.260009765625,510.260009765625,14607
2020-12-08 09:57:00-05:00,NFLX,510.5799865722656,511.3999938964844,510.56500244140625,511.0299987792969,14644
2020-12-08 09:58:00-05:00,NFLX,510.2749938964844,511.05999755859375,510.0,510.29998779296875,21776
2020-12-08 09:59:00-05:00,NFLX,510.2300109863281,510.2713928222656,509.29998779296875,509.92999267578125,18358
2020-12-08 10:00:00-05:00,NFLX,510.04998779296875,510.04998779296875,508.9377136230469,509.5050048828125,34240
2020-12-08 10:01:00-05:00,NFLX,509.5299987792969,510.20001220703125,509.489990234375,509.79998779296875,10734
2020-12-08 10:02:00-05:00,NFLX,509.70001220703125,509.7900085449219,509.32159423828125,509.7900085449219,8461
2020-12-08 10:03:00-05:00,NFLX,509.9399108886719,510.20001220703125,509.02850341796875,509.3352966308594,16889
2020-12-08 10:04:00-05:00,NFLX,509.3999938964844,511.1400146484375,509.3999938964844,511.0950012207031,23347
2020-12-08 10:05:00-05:00,NFLX,511.0849914550781,511.739990234375,510.9100036621094,511.239990234375,16735
2020-12-08 10:06:00-05:00,NFLX,511.3599853515625,511.47491455078125,510.3399963378906,510.6000061035156,11042
2020-12-08 10:07:00-05:00,NFLX,510.6099853515625,511.4800109863281,510.0299987792969,510.0299987792969,18752
2020-12-08 10:08:00-05:00,NFLX,510.45001220703125,510.55999755859375,510.20001220703125,510.32000732421875,6015
2020-12-08 10:09:00-05:00,NFLX,510.4220886230469,510.4220886230469,509.5,509.8999938964844,16243
2020-12-08 10:10:00-05:00,NFLX,510.2499084472656,510.2900085449219,508.8800048828125,509.125,13475
2020-12-08 10:11:00-05:00,NFLX,509.3949890136719,509.5799865722656,508.760009765625,509.3468933105469,15938
2020-12-08 10:12:00-05:00,NFLX,509.04998779296875,510.0,509.04998779296875,509.7799072265625,8159
2020-12-08 10:13:00-05:00,NFLX,509.7799987792969,510.4798889160156,509.7799987792969,510.25,6363
2020-12-08 10:14:00-05:00,NFLX,510.3500061035156,510.75,510.29998779296875,510.5,6725
2020-12-08 10:15:00-05:00,NFLX,510.29998779296875,510.4100036621094,509.20001220703125,509.20001220703125,11919
2020-12-08 10:16:00-05:00,NFLX,509.39990234375,509.4299011230469,507.3699951171875,507.5,41295
2020-12-08 10:17:00-05:00,NFLX,507.69500732421875,507.69500732421875,506.6000061035156,507.1400146484375,15806
2020-12-08 10:18:00-05:00,NFLX,507.1499938964844,507.29998779296875,506.8599853515625,506.9419860839844,8537
2020-12-08 10:19:00-05:00,NFLX,507.135009765625,507.7746887207031,506.80999755859375,507.510009765625,8663
2020-12-08 10:20:00-05:00,NFLX,507.0,507.5880126953125,506.8699951171875,507.0400085449219,6925
2020-12-08 10:21:00-05:00,NFLX,507.0199890136719,507.1099853515625,505.64678955078125,506.0,13763
2020-12-08 10:22:00-05:00,NFLX,505.5799865722656,506.7998962402344,505.5799865722656,506.32989501953125,9067
2020-12-08 10:23:00-05:00,NFLX,506.2349853515625,506.7898864746094,506.2349853515625,506.5799865722656,6607
2020-12-08 10:24:00-05:00,NFLX,506.70001220703125,506.75,506.20001220703125,506.75,7824
2020-12-08 10:25:00-05:00,NFLX,506.510009765625,506.635009765625,506.2699890136719,506.54998779296875,4229
2020-12-08 10:26:00-05:00,NFLX,506.635009765625,507.0849914550781,506.4800109863281,506.9224853515625,9037
2020-12-08 10:27:00-05:00,NFLX,506.9200134277344,506.9200134277344,505.92999267578125,505.9700012207031,9544
2020-12-08 10:28:00-05:00,NFLX,505.9649963378906,506.5611877441406,505.9599914550781,506.3999938964844,16861
2020-12-08 10:29:00-05:00,NFLX,506.25,507.2799072265625,505.92999267578125,506.9049987792969,24457
2020-12-08 10:30:00-05:00,NFLX,506.9750061035156,507.6000061035156,506.5799865722656,507.6000061035156,8444
2020-12-08 10:31:00-05:00,NFLX,507.70001220703125,507.885009765625,507.375,507.375,9476
2020-12-08 10:32:00-05:00,NFLX,507.375,507.7099914550781,507.0,507.7099914550781,8894
2020-12-08 10:33:00-05:00,NFLX,507.70001220703125,507.70001220703125,507.4049987792969,507.510009765625,6223
2020-12-08 10:34:00-05:00,NFLX,507.6400146484375,507.79998779296875,507.4007873535156,507.5,6536
2020-12-08 10:35:00-05:00,NFLX,507.32000732421875,507.79998779296875,507.0,507.7900085449219,7577
2020-12-08 10:36:00-05:00,NFLX,507.8699951171875,508.1499938964844,507.4501037597656,508.07000732421875,8172
2020-12-08 10:37:00-05:00,NFLX,508.2099914550781,508.5,508.0299987792969,508.2950134277344,4205
2020-12-08 10:38:00-05:00,NFLX,508.3399963378906,508.3399963378906,507.739990234375,508.0,5157
2020-12-08 10:39:00-05:00,NFLX,508.0849914550781,509.0,508.0849914550781,508.95001220703125,8307
2020-12-08 10:40:00-05:00,NFLX,508.9281921386719,509.4100036621094,508.6099853515625,509.2699890136719,7589
2020-12-08 10:41:00-05:00,NFLX,509.32000732421875,509.45001220703125,508.69580078125,508.69580078125,6751
2020-12-08 10:42:00-05:00,NFLX,508.7699890136719,508.94000244140625,508.5,508.5849914550781,3532
2020-12-08 10:43:00-05:00,NFLX,508.42999267578125,508.7300109863281,508.42999267578125,508.47491455078125,3321
2020-12-08 10:44:00-05:00,NFLX,508.6679992675781,509.1600036621094,508.4013977050781,509.1300048828125,5123
2020-12-08 10:45:00-05:00,NFLX,509.17498779296875,509.42999267578125,508.9700012207031,509.3699951171875,6229
2020-12-08 10:46:00-05:00,NFLX,509.25,509.3500061035156,509.1000061035156,509.1000061035156,5290
2020-12-08 10:47:00-05:00,NFLX,508.93609619140625,509.0199890136719,508.92999267578125,509.0036926269531,2324
2020-12-08 10:48:00-05:00,NFLX,508.7799987792969,509.6099853515625,508.6300048828125,509.43499755859375,12166
2020-12-08 10:49:00-05:00,NFLX,509.5299987792969,509.6099853515625,509.33990478515625,509.35430908203125,8146
2020-12-08 10:50:00-05:00,NFLX,509.489990234375,509.57000732421875,508.8399963378906,508.8399963378906,5556
2020-12-08 10:51:00-05:00,NFLX,509.1400146484375,509.4200134277344,509.1400146484375,509.3912048339844,2668
2020-12-08 10:52:00-05:00,NFLX,509.3699951171875,509.4100036621094,509.1199951171875,509.1199951171875,2251
2020-12-08 10:53:00-05:00,NFLX,509.3699951171875,509.3699951171875,508.5700988769531,509.32000732421875,5822
2020-12-08 10:54:00-05:00,NFLX,509.45001220703125,509.889892578125,509.45001220703125,509.5350036621094,6502
2020-12-08 10:55:00-05:00,NFLX,509.7900085449219,510.1700134277344,509.739990234375,510.1700134277344,9085
2020-12-08 10:56:00-05:00,NFLX,510.1300048828125,510.1300048828125,509.4800109863281,509.4800109863281,4663
2020-12-08 10:57:00-05:00,NFLX,509.5400085449219,509.6000061035156,509.1199951171875,509.3949890136719,3716
2020-12-08 10:58:00-05:00,NFLX,509.2950134277344,509.54998779296875,509.1400146484375,509.54998779296875,2872
2020-12-08 10:59:00-05:00,NFLX,509.67498779296875,509.80999755859375,509.4100036621094,509.4100036621094,3163
2020-12-08 11:00:00-05:00,NFLX,509.4649963378906,509.4649963378906,509.25,509.44000244140625,4261
2020-12-08 11:01:00-05:00,NFLX,509.2438049316406,509.7200012207031,509.239990234375,509.4599914550781,3404
2020-12-08 11:02:00-05:00,NFLX,509.45001220703125,509.510009765625,509.1300048828125,509.1300048828125,3041
2020-12-08 11:03:00-05:00,NFLX,509.2300109863281,509.2950134277344,509.0199890136719,509.1099853515625,2891
2020-12-08 11:04:00-05:00,NFLX,509.1199951171875,509.4599914550781,509.1099853515625,509.2900085449219,1109
2020-12-08 11:05:00-05:00,NFLX,509.17999267578125,509.17999267578125,508.55999755859375,508.9751892089844,8321
2020-12-08 11:06:00-05:00,NFLX,508.7674865722656,508.7674865722656,508.3070068359375,508.30999755859375,2991
2020-12-08 11:07:00-05:00,NFLX,508.30999755859375,508.30999755859375,507.9599914550781,508.2149963378906,5729
2020-12-08 11:08:00-05:00,NFLX,508.05999755859375,508.7499084472656,507.8800048828125,508.625,4224
2020-12-08 11:09:00-05:00,NFLX,508.7149963378906,508.7149963378906,508.010009765625,508.1499938964844,6457
2020-12-08 11:10:00-05:00,NFLX,508.4999084472656,509.2157897949219,508.32501220703125,508.9512939453125,5577
2020-12-08 11:11:00-05:00,NFLX,508.57000732421875,508.989990234375,508.55499267578125,508.989990234375,3407
2020-12-08 11:12:00-05:00,NFLX,508.92999267578125,509.0299987792969,508.70001220703125,508.7799987792969,3200
2020-12-08 11:13:00-05:00,NFLX,509.05999755859375,509.5,508.9549865722656,509.085693359375,6311
2020-12-08 11:14:00-05:00,NFLX,509.5199890136719,509.6700134277344,509.4200134277344,509.6700134277344,3421
2020-12-08 11:15:00-05:00,NFLX,509.79998779296875,509.8799133300781,509.0,509.0,4999
2020-12-08 11:16:00-05:00,NFLX,509.25,509.94000244140625,509.25,509.6549987792969,6709
2020-12-08 11:17:00-05:00,NFLX,509.7744140625,510.0896911621094,509.70001220703125,509.82281494140625,6425
2020-12-08 11:18:00-05:00,NFLX,509.9800109863281,510.2099914550781,509.9263916015625,510.0199890136719,2808
2020-12-08 11:19:00-05:00,NFLX,510.0199890136719,510.0199890136719,509.5400085449219,509.6199951171875,8166
2020-12-08 11:20:00-05:00,NFLX,509.79998779296875,509.82000732421875,509.2456970214844,509.3877868652344,3543
2020-12-08 11:21:00-05:00,NFLX,509.3898010253906,509.3898010253906,509.0899963378906,509.1000061035156,3751
2020-12-08 11:22:00-05:00,NFLX,509.1400146484375,509.2099914550781,509.1000061035156,509.2062072753906,2470
2020-12-08 11:23:00-05:00,NFLX,509.19000244140625,509.19000244140625,508.9147033691406,508.92498779296875,4188
2020-12-08 11:24:00-05:00,NFLX,508.79998779296875,508.79998779296875,508.1499938964844,508.489990234375,11257
2020-12-08 11:25:00-05:00,NFLX,508.4100036621094,508.6199951171875,508.1199951171875,508.1199951171875,8602
2020-12-08 11:26:00-05:00,NFLX,508.3800048828125,508.3800048828125,508.3800048828125,508.3800048828125,469
2020-12-08 11:27:00-05:00,NFLX,508.3949890136719,508.635009765625,508.3500061035156,508.56781005859375,3331
2020-12-08 11:28:00-05:00,NFLX,508.6600036621094,508.6600036621094,508.54400634765625,508.54400634765625,1671
2020-12-08 11:29:00-05:00,NFLX,508.29010009765625,508.69000244140625,508.29010009765625,508.5799865722656,1857
2020-12-08 11:30:00-05:00,NFLX,508.6050109863281,508.9988098144531,508.3900146484375,508.9988098144531,4328
2020-12-08 11:31:00-05:00,NFLX,509.0007019042969,509.17498779296875,508.7120056152344,508.8019104003906,4109
2020-12-08 11:32:00-05:00,NFLX,508.7850036621094,509.1499938964844,508.7850036621094,509.1007080078125,2280
2020-12-08 11:33:00-05:00,NFLX,509.0,509.20001220703125,508.9028015136719,509.20001220703125,6616
2020-12-08 11:34:00-05:00,NFLX,509.1300048828125,509.1300048828125,508.918212890625,508.918212890625,2165
2020-12-08 11:35:00-05:00,NFLX,508.8699951171875,509.1163024902344,508.80999755859375,508.80999755859375,2829
2020-12-08 11:36:00-05:00,NFLX,508.94000244140625,508.9999084472656,508.5,508.5,7706
2020-12-08 11:37:00-05:00,NFLX,508.30999755859375,508.760009765625,508.29998779296875,508.4901123046875,5252
2020-12-08 11:38:00-05:00,NFLX,508.5409851074219,508.67999267578125,508.0899963378906,508.25,3229
2020-12-08 11:39:00-05:00,NFLX,508.5,508.5,508.1000061035156,508.2099914550781,4399
2020-12-08 11:40:00-05:00,NFLX,508.1050109863281,508.1050109863281,507.1199951171875,507.40521240234375,13902
2020-12-08 11:41:00-05:00,NFLX,507.2099914550781,507.3299865722656,507.0,507.20001220703125,9603
2020-12-08 11:42:00-05:00,NFLX,507.510009765625,507.5299072265625,506.6465148925781,506.6465148925781,7167
2020-12-08 11:43:00-05:00,NFLX,506.42999267578125,507.0,506.42999267578125,506.510009765625,7575
2020-12-08 11:44:00-05:00,NFLX,506.5899963378906,506.7298889160156,506.54998779296875,506.56500244140625,3361
2020-12-08 11:45:00-05:00,NFLX,506.70001220703125,506.7799987792969,506.5,506.5199890136719,2599
2020-12-08 11:46:00-05:00,NFLX,506.595703125,506.8599853515625,506.5,506.6400146484375,6993
2020-12-08 11:47:00-05:00,NFLX,506.7200012207031,506.7460021972656,506.2698974609375,506.2698974609375,9188
2020-12-08 11:48:00-05:00,NFLX,506.30499267578125,506.6499938964844,506.2580871582031,506.57000732421875,5699
2020-12-08 11:49:00-05:00,NFLX,506.6400146484375,506.8399963378906,506.6300048828125,506.8399963378906,2939
2020-12-08 11:50:00-05:00,NFLX,506.80340576171875,507.114990234375,506.4649963378906,506.57000732421875,8613
2020-12-08 11:51:00-05:00,NFLX,506.7200012207031,507.156005859375,506.7200012207031,507.0799865722656,8199
2020-12-08 11:52:00-05:00,NFLX,507.0400085449219,507.2900085449219,506.79998779296875,507.2900085449219,2970
2020-12-08 11:53:00-05:00,NFLX,507.29998779296875,507.3699951171875,507.1944885253906,507.1944885253906,7044
2020-12-08 11:54:00-05:00,NFLX,507.17999267578125,507.2200012207031,507.1499938964844,507.2200012207031,907
2020-12-08 11:55:00-05:00,NFLX,507.2414855957031,507.3800048828125,507.2200012207031,507.29998779296875,3234
2020-12-08 11:56:00-05:00,NFLX,507.44000244140625,507.84991455078125,507.3399963378906,507.6000061035156,9888
2020-12-08 11:57:00-05:00,NFLX,507.45001220703125,507.5007019042969,507.29998779296875,507.4599914550781,4493
2020-12-08 11:58:00-05:00,NFLX,507.29998779296875,508.07000732421875,507.29998779296875,508.0050048828125,14926
2020-12-08 11:59:00-05:00,NFLX,507.9200134277344,508.1700134277344,507.80999755859375,508.0,4371
2020-12-08 12:00:00-05:00,NFLX,508.0950012207031,508.3900146484375,508.0058898925781,508.3900146484375,3845
2020-12-08 12:01:00-05:00,NFLX,508.31500244140625,509.260009765625,508.2799987792969,508.44000244140625,13225
2020-12-08 12:02:00-05:00,NFLX,508.3299865722656,508.5799865722656,508.1099853515625,508.4200134277344,4186
2020-12-08 12:03:00-05:00,NFLX,508.5299987792969,508.9800109863281,508.5299987792969,508.875,5244
2020-12-08 12:04:00-05:00,NFLX,508.75,508.8500061035156,508.5,508.6152038574219,2379
2020-12-08 12:05:00-05:00,NFLX,508.54998779296875,508.8800048828125,508.42498779296875,508.42498779296875,6336
2020-12-08 12:06:00-05:00,NFLX,508.5050048828125,508.5050048828125,508.1000061035156,508.32000732421875,4763
2020-12-08 12:07:00-05:00,NFLX,508.2950134277344,508.4200134277344,508.2950134277344,508.29998779296875,1665
2020-12-08 12:08:00-05:00,NFLX,508.1600036621094,508.29998779296875,508.0799865722656,508.1700134277344,2677
2020-12-08 12:09:00-05:00,NFLX,508.1827087402344,508.31500244140625,507.8999938964844,508.1499938964844,4038
2020-12-08 12:10:00-05:00,NFLX,508.1050109863281,508.1400146484375,508.0299987792969,508.1400146484375,1845
2020-12-08 12:11:00-05:00,NFLX,507.760009765625,507.8999938964844,507.5400085449219,507.55499267578125,8853
2020-12-08 12:12:00-05:00,NFLX,507.6300048828125,507.6499938964844,507.010009765625,507.07501220703125,7609
2020-12-08 12:13:00-05:00,NFLX,507.0799865722656,507.1099853515625,506.0849914550781,506.1300048828125,31913
2020-12-08 12:14:00-05:00,NFLX,506.3399963378906,506.4114990234375,506.07000732421875,506.1199951171875,8291
2020-12-08 12:15:00-05:00,NFLX,506.239990234375,506.8699951171875,506.1199951171875,506.7650146484375,10048
2020-12-08 12:16:00-05:00,NFLX,506.760009765625,506.79998779296875,506.2701110839844,506.55499267578125,4754
2020-12-08 12:17:00-05:00,NFLX,506.70001220703125,506.7749938964844,506.5050048828125,506.5050048828125,4828
2020-12-08 12:18:00-05:00,NFLX,506.6449890136719,506.9700012207031,506.5934143066406,506.9700012207031,11417
2020-12-08 12:19:00-05:00,NFLX,507.0799865722656,507.0799865722656,506.7528076171875,506.7528076171875,3722
2020-12-08 12:20:00-05:00,NFLX,506.7349853515625,506.74261474609375,506.5,506.5,3513
2020-12-08 12:21:00-05:00,NFLX,506.6050109863281,506.6099853515625,506.44000244140625,506.44000244140625,3643
2020-12-08 12:22:00-05:00,NFLX,506.510009765625,506.6700134277344,506.3999938964844,506.6700134277344,3564
2020-12-08 12:23:00-05:00,NFLX,506.44000244140625,506.5199890136719,505.54998779296875,506.1199951171875,12904
2020-12-08 12:24:00-05:00,NFLX,506.1000061035156,506.3599853515625,505.8800048828125,506.3599853515625,6288
2020-12-08 12:25:00-05:00,NFLX,506.3599853515625,506.4599914550781,506.2900085449219,506.3399963378906,2730
2020-12-08 12:26:00-05:00,NFLX,506.4100036621094,506.7250061035156,506.19000244140625,506.19000244140625,7344
2020-12-08 12:27:00-05:00,NFLX,506.239990234375,506.2900085449219,506.0,506.2900085449219,20275
2020-12-08 12:28:00-05:00,NFLX,506.375,506.6600036621094,506.36749267578125,506.6499938964844,5146
2020-12-08 12:29:00-05:00,NFLX,506.3999938964844,506.45001220703125,506.2200012207031,506.3699951171875,4146
2020-12-08 12:30:00-05:00,NFLX,506.4649963378906,506.5899963378906,506.4649963378906,506.4693908691406,5015
2020-12-08 12:31:00-05:00,NFLX,506.07000732421875,506.22491455078125,506.0,506.0400085449219,2724
2020-12-08 12:32:00-05:00,NFLX,506.1499938964844,506.7200012207031,506.125,506.42498779296875,2416
2020-12-08 12:33:00-05:00,NFLX,506.4254150390625,507.30999755859375,506.4254150390625,506.9872131347656,5753
2020-12-08 12:34:00-05:00,NFLX,507.1317138671875,507.1317138671875,506.80999755859375,506.80999755859375,4447
2020-12-08 12:35:00-05:00,NFLX,506.7349853515625,507.0899963378906,506.7349853515625,506.92999267578125,3740
2020-12-08 12:36:00-05:00,NFLX,506.9100036621094,507.0799865722656,506.80999755859375,507.0799865722656,8710
2020-12-08 12:37:00-05:00,NFLX,507.04998779296875,507.3500061035156,507.04998779296875,507.3500061035156,3201
2020-12-08 12:38:00-05:00,NFLX,507.42999267578125,507.5,507.1499938964844,507.45001220703125,13073
2020-12-08 12:39:00-05:00,NFLX,507.3299865722656,507.8299865722656,507.3299865722656,507.8299865722656,5305
2020-12-08 12:40:00-05:00,NFLX,507.8299865722656,508.1600036621094,507.7900085449219,508.1600036621094,8113
2020-12-08 12:41:00-05:00,NFLX,508.0,508.1400146484375,507.78009033203125,508.1199951171875,6988
2020-12-08 12:42:00-05:00,NFLX,508.17999267578125,508.4800109863281,508.17999267578125,508.3800048828125,7465
2020-12-08 12:43:00-05:00,NFLX,508.4479064941406,508.6700134277344,508.44000244140625,508.6698913574219,10827
2020-12-08 12:44:00-05:00,NFLX,508.7839050292969,509.1099853515625,508.7799987792969,509.0299987792969,6646
2020-12-08 12:45:00-05:00,NFLX,508.9540100097656,509.29998779296875,508.9540100097656,509.0072937011719,11471
2020-12-08 12:46:00-05:00,NFLX,509.0000915527344,509.1000061035156,508.5299987792969,508.6158142089844,4577
2020-12-08 12:47:00-05:00,NFLX,508.8211975097656,509.0299987792969,508.80999755859375,509.0299987792969,3172
2020-12-08 12:48:00-05:00,NFLX,509.07000732421875,509.19000244140625,508.8999938964844,508.9100036621094,4399
2020-12-08 12:49:00-05:00,NFLX,508.8999938964844,509.69000244140625,508.8599853515625,509.510009765625,12460
2020-12-08 12:50:00-05:00,NFLX,509.69989013671875,509.69989013671875,509.11700439453125,509.25,4138
2020-12-08 12:51:00-05:00,NFLX,509.010009765625,509.1600036621094,508.739990234375,509.0400085449219,3670
2020-12-08 12:52:00-05:00,NFLX,509.0450134277344,509.0450134277344,508.5968933105469,508.8299865722656,2384
2020-12-08 12:53:00-05:00,NFLX,508.6700134277344,508.9100036621094,508.6401062011719,508.69000244140625,2375
2020-12-08 12:54:00-05:00,NFLX,508.8399963378906,509.1000061035156,508.8399963378906,508.9700012207031,2607
2020-12-08 12:55:00-05:00,NFLX,508.875,508.875,508.7538146972656,508.8299865722656,1560
2020-12-08 12:56:00-05:00,NFLX,509.0849914550781,509.0849914550781,508.92999267578125,509.02679443359375,1177
2020-12-08 12:57:00-05:00,NFLX,508.9700012207031,508.9700012207031,508.806396484375,508.806396484375,1361
2020-12-08 12:58:00-05:00,NFLX,508.8999938964844,509.8800048828125,508.8999938964844,509.8500061035156,6833
2020-12-08 12:59:00-05:00,NFLX,509.92999267578125,510.3500061035156,509.6200866699219,510.0361022949219,32177
2020-12-08 13:00:00-05:00,NFLX,510.05499267578125,510.1300048828125,509.5299987792969,509.8800048828125,17293
2020-12-08 13:01:00-05:00,NFLX,510.00970458984375,510.3493957519531,509.9700012207031,510.2099914550781,11678
2020-12-08 13:02:00-05:00,NFLX,510.2699890136719,510.94500732421875,510.26959228515625,510.7749938964844,34207
2020-12-08 13:03:00-05:00,NFLX,510.77301025390625,510.77301025390625,510.4700012207031,510.55999755859375,5005
2020-12-08 13:04:00-05:00,NFLX,510.55999755859375,510.8623046875,510.5,510.7174987792969,1536
2020-12-08 13:05:00-05:00,NFLX,510.6600036621094,510.8699951171875,510.57000732421875,510.6400146484375,6778
2020-12-08 13:06:00-05:00,NFLX,510.54998779296875,510.6000061035156,510.2200012207031,510.2200012207031,1680
2020-12-08 13:07:00-05:00,NFLX,510.364990234375,510.497802734375,510.1694030761719,510.1694030761719,3156
2020-12-08 13:08:00-05:00,NFLX,510.3599853515625,510.7300109863281,510.1600036621094,510.7300109863281,4415
2020-12-08 13:09:00-05:00,NFLX,510.80999755859375,511.45001220703125,510.80999755859375,511.2900085449219,15198
2020-12-08 13:10:00-05:00,NFLX,511.1807861328125,511.6549987792969,511.1807861328125,511.5150146484375,5431
2020-12-08 13:11:00-05:00,NFLX,511.464111328125,511.464111328125,510.8699951171875,510.8699951171875,7794
2020-12-08 13:12:00-05:00,NFLX,510.94610595703125,511.1820983886719,510.75,510.8800048828125,3892
2020-12-08 13:13:00-05:00,NFLX,510.8500061035156,510.8500061035156,510.4085998535156,510.4100036621094,3116
2020-12-08 13:14:00-05:00,NFLX,510.5299987792969,510.7038879394531,510.2900085449219,510.3673095703125,3645
2020-12-08 13:15:00-05:00,NFLX,510.375,510.54998779296875,510.32000732421875,510.5,4303
2020-12-08 13:16:00-05:00,NFLX,510.625,511.0,510.5899963378906,511.0,4786
2020-12-08 13:17:00-05:00,NFLX,510.8599853515625,511.0,510.20001220703125,510.20001220703125,6438
2020-12-08 13:18:00-05:00,NFLX,510.2681884765625,510.5050048828125,510.010009765625,510.010009765625,5476
2020-12-08 13:19:00-05:00,NFLX,510.010009765625,510.239990234375,509.70001220703125,509.70001220703125,8010
2020-12-08 13:20:00-05:00,NFLX,509.5899963378906,509.59759521484375,509.1600036621094,509.45819091796875,3736
2020-12-08 13:21:00-05:00,NFLX,509.5199890136719,509.8299865722656,509.4700012207031,509.6099853515625,5886
2020-12-08 13:22:00-05:00,NFLX,509.6099853515625,510.2099914550781,509.4649963378906,510.0797119140625,61572
2020-12-08 13:23:00-05:00,NFLX,510.2550048828125,510.32000732421875,510.1700134277344,510.2099914550781,1844
2020-12-08 13:24:00-05:00,NFLX,510.2200012207031,510.8598937988281,510.07940673828125,510.58551025390625,13350
2020-12-08 13:25:00-05:00,NFLX,510.5,510.7261962890625,510.4661865234375,510.4661865234375,1153
2020-12-08 13:26:00-05:00,NFLX,510.5849914550781,510.75,510.32000732421875,510.5150146484375,3163
2020-12-08 13:27:00-05:00,NFLX,510.5899963378906,510.5899963378906,510.3550109863281,510.3550109863281,602
2020-12-08 13:28:00-05:00,NFLX,510.2799987792969,510.3500061035156,510.0799865722656,510.3500061035156,3636
2020-12-08 13:29:00-05:00,NFLX,510.7099914550781,511.0950012207031,510.7099914550781,510.75,5114
2020-12-08 13:30:00-05:00,NFLX,510.94500732421875,511.4100036621094,510.94500732421875,510.9538879394531,4542
2020-12-08 13:31:00-05:00,NFLX,510.9800109863281,511.6099853515625,510.9800109863281,511.3800048828125,3103
2020-12-08 13:32:00-05:00,NFLX,511.4100036621094,511.60888671875,511.2799987792969,511.2901916503906,4901
2020-12-08 13:33:00-05:00,NFLX,511.5199890136719,511.5400085449219,511.04998779296875,511.30999755859375,34113
2020-12-08 13:34:00-05:00,NFLX,511.2200012207031,511.3450012207031,511.1400146484375,511.2550048828125,5137
2020-12-08 13:35:00-05:00,NFLX,511.26251220703125,512.169921875,511.19000244140625,512.0,10880
2020-12-08 13:36:00-05:00,NFLX,511.9681091308594,512.1099853515625,511.29998779296875,511.3949890136719,3804
2020-12-08 13:37:00-05:00,NFLX,511.3949890136719,511.5299987792969,511.3949890136719,511.5299987792969,1659
2020-12-08 13:38:00-05:00,NFLX,511.4649963378906,511.8207092285156,511.4649963378906,511.8207092285156,2896
2020-12-08 13:39:00-05:00,NFLX,511.6748046875,512.1699829101562,511.6748046875,512.1699829101562,4388
2020-12-08 13:40:00-05:00,NFLX,512.2388916015625,512.2388916015625,511.80999755859375,512.2000122070312,3855
2020-12-08 13:41:00-05:00,NFLX,512.0050048828125,512.0700073242188,511.29998779296875,511.29998779296875,7544
2020-12-08 13:42:00-05:00,NFLX,511.4707946777344,511.7699890136719,511.2305908203125,511.5,3974
2020-12-08 13:43:00-05:00,NFLX,511.3500061035156,511.4100036621094,511.181884765625,511.29998779296875,4441
2020-12-08 13:44:00-05:00,NFLX,511.3949890136719,511.6700134277344,511.2900085449219,511.6000061035156,3479
2020-12-08 13:45:00-05:00,NFLX,511.7300109863281,511.7300109863281,511.5799865722656,511.5799865722656,1605
2020-12-08 13:46:00-05:00,NFLX,511.5799865722656,511.70001220703125,511.42999267578125,511.43499755859375,1475
2020-12-08 13:47:00-05:00,NFLX,511.2799987792969,511.6000061035156,511.2799987792969,511.4100036621094,855
2020-12-08 13:48:00-05:00,NFLX,511.25,511.45001220703125,511.25,511.26019287109375,2081
2020-12-08 13:49:00-05:00,NFLX,511.1300048828125,511.20001220703125,510.92999267578125,510.9693908691406,5678
2020-12-08 13:50:00-05:00,NFLX,510.9849853515625,511.1650085449219,510.7438049316406,511.1650085449219,7074
2020-12-08 13:51:00-05:00,NFLX,511.0487060546875,511.239990234375,511.0487060546875,511.17999267578125,1864
2020-12-08 13:52:00-05:00,NFLX,511.4200134277344,511.6300048828125,511.4200134277344,511.6099853515625,2693
2020-12-08 13:53:00-05:00,NFLX,511.5,511.5,511.05499267578125,511.05499267578125,2130
2020-12-08 13:54:00-05:00,NFLX,511.04998779296875,511.1499938964844,510.6499938964844,510.79998779296875,3236
2020-12-08 13:55:00-05:00,NFLX,510.7200012207031,510.739990234375,510.3699951171875,510.4849853515625,5001
2020-12-08 13:56:00-05:00,NFLX,510.4700012207031,510.6400146484375,510.19000244140625,510.19000244140625,7764
2020-12-08 13:57:00-05:00,NFLX,510.17999267578125,510.3800048828125,510.17999267578125,510.2701110839844,2514
2020-12-08 13:58:00-05:00,NFLX,510.385009765625,510.385009765625,510.375,510.375,821
2020-12-08 13:59:00-05:00,NFLX,510.3550109863281,510.3550109863281,509.8900146484375,509.8900146484375,2837
2020-12-08 14:00:00-05:00,NFLX,509.8299865722656,509.8900146484375,509.489990234375,509.8599853515625,9853
2020-12-08 14:01:00-05:00,NFLX,509.9800109863281,510.1700134277344,509.9800109863281,510.08551025390625,3754
2020-12-08 14:02:00-05:00,NFLX,510.1700134277344,510.29998779296875,510.1700134277344,510.29998779296875,1820
2020-12-08 14:03:00-05:00,NFLX,510.3900146484375,510.5199890136719,510.2608947753906,510.364990234375,3336
2020-12-08 14:04:00-05:00,NFLX,510.4599914550781,510.5400085449219,510.44000244140625,510.5400085449219,1789
2020-12-08 14:05:00-05:00,NFLX,510.55999755859375,510.6499938964844,510.2900085449219,510.2900085449219,3846
2020-12-08 14:06:00-05:00,NFLX,510.2200012207031,510.3699951171875,510.2200012207031,510.3349914550781,1384
2020-12-08 14:07:00-05:00,NFLX,510.17999267578125,510.510009765625,510.06439208984375,510.3399963378906,6081
2020-12-08 14:08:00-05:00,NFLX,510.42999267578125,510.57000732421875,510.42999267578125,510.45001220703125,1325
2020-12-08 14:09:00-05:00,NFLX,510.260009765625,510.3999938964844,510.260009765625,510.3800048828125,1102
2020-12-08 14:10:00-05:00,NFLX,510.3900146484375,510.44000244140625,510.3900146484375,510.3949890136719,2215
2020-12-08 14:11:00-05:00,NFLX,510.6235046386719,510.8399963378906,510.3164978027344,510.8399963378906,6934
2020-12-08 14:12:00-05:00,NFLX,510.95001220703125,511.1836853027344,510.95001220703125,511.03839111328125,2961
2020-12-08 14:13:00-05:00,NFLX,511.12249755859375,511.17999267578125,511.0199890136719,511.0199890136719,3289
2020-12-08 14:14:00-05:00,NFLX,511.19000244140625,511.19000244140625,510.7850036621094,510.7850036621094,1085
2020-12-08 14:15:00-05:00,NFLX,510.7300109863281,511.010009765625,510.7300109863281,510.93499755859375,2915
2020-12-08 14:16:00-05:00,NFLX,510.94500732421875,510.94500732421875,510.6000061035156,510.66009521484375,1901
2020-12-08 14:17:00-05:00,NFLX,510.82989501953125,510.94000244140625,510.7699890136719,510.8999938964844,4604
2020-12-08 14:18:00-05:00,NFLX,510.8900146484375,511.1300048828125,510.8500061035156,511.0516052246094,3114
2020-12-08 14:19:00-05:00,NFLX,510.9700012207031,510.9700012207031,510.9200134277344,510.9200134277344,1171
2020-12-08 14:20:00-05:00,NFLX,510.82720947265625,511.04998779296875,510.81500244140625,510.95001220703125,1499
2020-12-08 14:21:00-05:00,NFLX,510.9302978515625,511.3450012207031,510.9302978515625,511.25,3268
2020-12-08 14:22:00-05:00,NFLX,511.1593017578125,511.3500061035156,511.0799865722656,511.3500061035156,2566
2020-12-08 14:23:00-05:00,NFLX,511.4584045410156,511.75,511.4549865722656,511.7381896972656,4428
2020-12-08 14:24:00-05:00,NFLX,511.5799865722656,511.67999267578125,511.5635986328125,511.6050109863281,2893
2020-12-08 14:25:00-05:00,NFLX,511.6000061035156,511.67999267578125,511.4700012207031,511.60931396484375,5700
2020-12-08 14:26:00-05:00,NFLX,511.52459716796875,511.52459716796875,511.4800109863281,511.4800109863281,431
2020-12-08 14:27:00-05:00,NFLX,511.5799865722656,511.7900085449219,511.5799865722656,511.7900085449219,2789
2020-12-08 14:28:00-05:00,NFLX,511.8500061035156,511.8500061035156,511.6099853515625,511.760009765625,2051
2020-12-08 14:29:00-05:00,NFLX,511.7732849121094,512.0,511.7732849121094,511.8399963378906,10014
2020-12-08 14:30:00-05:00,NFLX,511.8100891113281,511.94061279296875,511.6099853515625,511.6328125,4029
2020-12-08 14:31:00-05:00,NFLX,511.69000244140625,511.69000244140625,511.1401062011719,511.29998779296875,4133
2020-12-08 14:32:00-05:00,NFLX,511.510009765625,511.510009765625,511.17999267578125,511.17999267578125,2745
2020-12-08 14:33:00-05:00,NFLX,511.2049865722656,511.38848876953125,511.0799865722656,511.3299865722656,2353
2020-12-08 14:34:00-05:00,NFLX,511.2099914550781,511.2200012207031,511.0199890136719,511.05999755859375,2157
2020-12-08 14:35:00-05:00,NFLX,510.8900146484375,511.0,510.7200012207031,510.7200012207031,3860
2020-12-08 14:36:00-05:00,NFLX,510.8550109863281,510.8550109863281,510.6300048828125,510.6300048828125,871
2020-12-08 14:37:00-05:00,NFLX,510.6199951171875,510.8099060058594,510.3800048828125,510.8099060058594,7948
2020-12-08 14:38:00-05:00,NFLX,510.7113037109375,510.739990234375,510.44000244140625,510.45001220703125,1719
2020-12-08 14:39:00-05:00,NFLX,510.45001220703125,510.6199951171875,510.3999938964844,510.4700012207031,6098
2020-12-08 14:40:00-05:00,NFLX,510.56500244140625,510.7049865722656,510.5199890136719,510.5199890136719,3049
2020-12-08 14:41:00-05:00,NFLX,510.510009765625,510.672607421875,510.44500732421875,510.672607421875,2487
2020-12-08 14:42:00-05:00,NFLX,510.739990234375,511.0,510.739990234375,510.8599853515625,2667
2020-12-08 14:43:00-05:00,NFLX,511.1499938964844,511.1700134277344,511.1499938964844,511.1700134277344,834
2020-12-08 14:44:00-05:00,NFLX,511.0700988769531,511.2550048828125,511.0700988769531,511.2250061035156,1328
2020-12-08 14:45:00-05:00,NFLX,511.30999755859375,511.3500061035156,511.1445007324219,511.2699890136719,2095
2020-12-08 14:46:00-05:00,NFLX,511.19500732421875,511.3301086425781,511.04998779296875,511.04998779296875,3337
2020-12-08 14:47:00-05:00,NFLX,511.05999755859375,511.1300048828125,510.9100036621094,511.1080017089844,3716
2020-12-08 14:48:00-05:00,NFLX,511.1000061035156,511.152587890625,511.1000061035156,511.1099853515625,2709
2020-12-08 14:49:00-05:00,NFLX,510.8800048828125,511.2099914550781,510.8800048828125,511.2099914550781,2238
2020-12-08 14:50:00-05:00,NFLX,511.19000244140625,511.260009765625,511.1199951171875,511.2250061035156,1693
2020-12-08 14:51:00-05:00,NFLX,511.1499938964844,511.3800048828125,510.9410095214844,511.2349853515625,5548
2020-12-08 14:52:00-05:00,NFLX,511.3599853515625,511.3699951171875,511.2300109863281,511.2799987792969,3220
2020-12-08 14:53:00-05:00,NFLX,511.2799987792969,511.2799987792969,511.1000061035156,511.1099853515625,2100
2020-12-08 14:54:00-05:00,NFLX,511.17999267578125,511.19000244140625,510.57000732421875,510.57000732421875,6214
2020-12-08 14:55:00-05:00,NFLX,510.6050109863281,510.81500244140625,510.5000915527344,510.7294006347656,4125
2020-12-08 14:56:00-05:00,NFLX,510.8900146484375,511.0249938964844,510.8299865722656,510.9190979003906,1640
2020-12-08 14:57:00-05:00,NFLX,511.04998779296875,511.04998779296875,510.8599853515625,510.8800048828125,4112
2020-12-08 14:58:00-05:00,NFLX,511.07000732421875,511.07000732421875,510.989990234375,510.989990234375,1299
2020-12-08 14:59:00-05:00,NFLX,511.010009765625,511.010009765625,510.7300109863281,510.8399963378906,1141
2020-12-08 15:00:00-05:00,NFLX,510.8999938964844,510.9800109863281,510.7900085449219,510.94000244140625,2441
2020-12-08 15:01:00-05:00,NFLX,510.79998779296875,510.79998779296875,510.7550048828125,510.7550048828125,841
2020-12-08 15:02:00-05:00,NFLX,510.69000244140625,510.69000244140625,510.5799865722656,510.6300048828125,4691
2020-12-08 15:03:00-05:00,NFLX,510.70001220703125,510.95001220703125,510.70001220703125,510.7799987792969,2455
2020-12-08 15:04:00-05:00,NFLX,510.95001220703125,511.2900085449219,510.8500061035156,510.8599853515625,6742
2020-12-08 15:05:00-05:00,NFLX,510.8616943359375,511.0899963378906,510.8616943359375,511.0,2846
2020-12-08 15:06:00-05:00,NFLX,511.1199951171875,511.1199951171875,510.9800109863281,511.0599060058594,1026
2020-12-08 15:07:00-05:00,NFLX,510.8999938964844,510.8999938964844,510.67999267578125,510.760009765625,2289
2020-12-08 15:08:00-05:00,NFLX,510.8599853515625,511.0899963378906,510.8599853515625,511.0899963378906,2851
2020-12-08 15:09:00-05:00,NFLX,511.0799865722656,511.125,511.0,511.05499267578125,3021
2020-12-08 15:10:00-05:00,NFLX,511.20001220703125,511.5,511.20001220703125,511.2799987792969,7394
2020-12-08 15:11:00-05:00,NFLX,511.260009765625,511.260009765625,511.04998779296875,511.07000732421875,1797
2020-12-08 15:12:00-05:00,NFLX,511.0199890136719,511.260009765625,511.0199890136719,511.2099914550781,1777
2020-12-08 15:13:00-05:00,NFLX,511.2099914550781,511.2099914550781,510.79998779296875,510.80999755859375,5162
2020-12-08 15:14:00-05:00,NFLX,510.54998779296875,510.54998779296875,510.28021240234375,510.4949951171875,5976
2020-12-08 15:15:00-05:00,NFLX,510.32000732421875,510.8299865722656,510.260009765625,510.6300048828125,7248
2020-12-08 15:16:00-05:00,NFLX,510.6300048828125,510.7550048828125,510.2506103515625,510.2900085449219,3663
2020-12-08 15:17:00-05:00,NFLX,510.30999755859375,510.70001220703125,510.2200012207031,510.623291015625,6076
2020-12-08 15:18:00-05:00,NFLX,510.5849914550781,510.5975036621094,510.3599853515625,510.3699951171875,3461
2020-12-08 15:19:00-05:00,NFLX,510.3900146484375,510.42999267578125,510.25,510.42999267578125,2382
2020-12-08 15:20:00-05:00,NFLX,510.44000244140625,510.80499267578125,510.44000244140625,510.79998779296875,2916
2020-12-08 15:21:00-05:00,NFLX,510.80999755859375,510.9013977050781,510.5350036621094,510.6000061035156,3306
2020-12-08 15:22:00-05:00,NFLX,510.70001220703125,510.989990234375,510.70001220703125,510.7699890136719,4349
2020-12-08 15:23:00-05:00,NFLX,510.8500061035156,510.8500061035156,510.6000061035156,510.6000061035156,2420
2020-12-08 15:24:00-05:00,NFLX,510.385009765625,510.94000244140625,510.3399963378906,510.7850036621094,7316
2020-12-08 15:25:00-05:00,NFLX,510.8999938964844,510.8999938964844,510.7300109863281,510.7799987792969,1369
2020-12-08 15:26:00-05:00,NFLX,510.7099914550781,510.7099914550781,510.1700134277344,510.1700134277344,4070
2020-12-08 15:27:00-05:00,NFLX,510.2300109863281,511.010009765625,510.2300109863281,510.93499755859375,10974
2020-12-08 15:28:00-05:00,NFLX,511.1099853515625,511.19000244140625,510.92999267578125,510.989990234375,3508
2020-12-08 15:29:00-05:00,NFLX,510.9800109863281,511.1300048828125,510.70001220703125,510.8525085449219,2903
2020-12-08 15:30:00-05:00,NFLX,510.7900085449219,510.9200134277344,510.6300048828125,510.760009765625,4425
2020-12-08 15:31:00-05:00,NFLX,510.95001220703125,511.1600036621094,510.8699951171875,511.1600036621094,4371
2020-12-08 15:32:00-05:00,NFLX,511.0849914550781,511.0849914550781,510.9549865722656,510.9549865722656,2304
2020-12-08 15:33:00-05:00,NFLX,511.1400146484375,511.1700134277344,510.739990234375,510.8399963378906,205041
2020-12-08 15:34:00-05:00,NFLX,510.7300109863281,510.95001220703125,510.67999267578125,510.82000732421875,6121
2020-12-08 15:35:00-05:00,NFLX,510.7200012207031,510.8800048828125,510.6700134277344,510.6700134277344,2745
2020-12-08 15:36:00-05:00,NFLX,510.5249938964844,510.9800109863281,510.5249938964844,510.9800109863281,4541
2020-12-08 15:37:00-05:00,NFLX,511.0199890136719,511.20001220703125,510.80999755859375,511.1400146484375,15168
2020-12-08 15:38:00-05:00,NFLX,511.1123046875,511.1499938964844,511.04998779296875,511.1199951171875,3856
2020-12-08 15:39:00-05:00,NFLX,511.1050109863281,511.1099853515625,510.739990234375,510.9150085449219,2963
2020-12-08 15:40:00-05:00,NFLX,510.8399963378906,511.239990234375,510.6449890136719,511.1304931640625,7712
2020-12-08 15:41:00-05:00,NFLX,511.19500732421875,511.5050048828125,511.1300048828125,511.4978942871094,6651
2020-12-08 15:42:00-05:00,NFLX,511.4400939941406,511.4556884765625,511.1400146484375,511.32000732421875,2795
2020-12-08 15:43:00-05:00,NFLX,511.44000244140625,511.4599914550781,511.2099914550781,511.3800048828125,3932
2020-12-08 15:44:00-05:00,NFLX,511.4700012207031,511.57000732421875,511.4700012207031,511.54998779296875,4430
2020-12-08 15:45:00-05:00,NFLX,511.54998779296875,511.9800109863281,511.54998779296875,511.95001220703125,13946
2020-12-08 15:46:00-05:00,NFLX,511.9100036621094,512.0,511.9100036621094,511.9200134277344,17414
2020-12-08 15:47:00-05:00,NFLX,512.0,512.0,511.6600036621094,511.8599853515625,14241
2020-12-08 15:48:00-05:00,NFLX,511.8399963378906,511.9800109863281,511.7200012207031,511.81500244140625,4763
2020-12-08 15:49:00-05:00,NFLX,511.7699890136719,511.92999267578125,511.6000061035156,511.760009765625,6554
2020-12-08 15:50:00-05:00,NFLX,511.8999938964844,512.4699096679688,511.8999938964844,512.0850219726562,19855
2020-12-08 15:51:00-05:00,NFLX,512.1300048828125,512.4500122070312,512.0800170898438,512.3800048828125,6805
2020-12-08 15:52:00-05:00,NFLX,512.3300170898438,512.469970703125,512.2000122070312,512.3599853515625,13862
2020-12-08 15:53:00-05:00,NFLX,512.2100219726562,512.5599975585938,512.1300048828125,512.344970703125,11712
2020-12-08 15:54:00-05:00,NFLX,512.4202270507812,512.4400024414062,512.010009765625,512.2349853515625,19378
2020-12-08 15:55:00-05:00,NFLX,512.3300170898438,512.6668701171875,512.1300048828125,512.6199951171875,17825
2020-12-08 15:56:00-05:00,NFLX,512.6099853515625,512.8599853515625,512.3599853515625,512.8599853515625,21227
2020-12-08 15:57:00-05:00,NFLX,512.8300170898438,513.5,512.8200073242188,513.3499755859375,25247
2020-12-08 15:58:00-05:00,NFLX,513.27001953125,513.344970703125,512.4201049804688,512.5731811523438,36378
2020-12-08 15:59:00-05:00,NFLX,512.6199951171875,512.8900146484375,512.4299926757812,512.6699829101562,56525
